{
  "precision": 0.9116161616161617,
  "recall": 0.7569444444444444,
  "f1": 0.7917810016494227
}
