{
  "shuffle": true,
  "subset": null,
  "min_freq": 75,
  "lower": true,
  "stem": false,
  "analyzer": "char_wb",
  "ngram_max_range": 6,
  "alpha": 0.0001,
  "learning_rate": 0.4466034221086387,
  "power_t": 0.4196415471036934,
  "num_epochs": 100,
  "threshold": 0.7035480473069977
}
